title,author,subreddit,url,upvotes,comments,created,platform
"For rapid concepting/visualisation, which AI-tools are the most recommended?",Sjeefr,FigmaDesign,https://www.reddit.com/r/FigmaDesign/comments/1ov97pe/for_rapid_conceptingvisualisation_which_aitools/,0,0,,reddit
,jstshtup,,https://www.reddit.com/r/FigmaDesign/comments/1ov97pe/for_rapid_conceptingvisualisation_which_aitools/nohul5u/,1,0,,reddit
Seeking recommendations: Best tools and inspiration to create engaging mobile app demos/prototypes?,dougie-6020,SaaS,https://www.reddit.com/r/SaaS/comments/1ouyqv1/seeking_recommendations_best_tools_and/,5,0,,reddit
Curious about how people are actually using AI in product design,sophia3334-,CADAI,https://www.reddit.com/r/CADAI/comments/1p46jlu/curious_about_how_people_are_actually_using_ai_in/,1,0,,reddit
,Amanda_nn,,https://www.reddit.com/r/CADAI/comments/1p46jlu/curious_about_how_people_are_actually_using_ai_in/nqjb1qt/,1,0,,reddit
"Weekly Tool Thread: Promote, Share, Discover, and Ask for AI Writing Tools Week of: November 18",AutoModerator,WritingWithAI,https://www.reddit.com/r/WritingWithAI/comments/1p04a0g/weekly_tool_thread_promote_share_discover_and_ask/,1,0,,reddit
,Top_Illustrator1579,,https://www.reddit.com/r/WritingWithAI/comments/1p04a0g/weekly_tool_thread_promote_share_discover_and_ask/npgy2rb/,2,0,,reddit
"Weekly Tool Thread: Promote, Share, Discover, and Ask for AI Writing Tools Week of: November 25",AutoModerator,WritingWithAI,https://www.reddit.com/r/WritingWithAI/comments/1p64v9z/weekly_tool_thread_promote_share_discover_and_ask/,1,0,,reddit
,WriteOnSaga,,https://www.reddit.com/r/WritingWithAI/comments/1p64v9z/weekly_tool_thread_promote_share_discover_and_ask/nqry9zt/,1,0,,reddit
I need a sub to ask which AI could be a more help designing rooms at home,ReaverDropRush,findareddit,https://www.reddit.com/r/findareddit/comments/1p29qgh/i_need_a_sub_to_ask_which_ai_could_be_a_more_help/,0,0,,reddit
,AutoModerator,,https://www.reddit.com/r/findareddit/comments/1p29qgh/i_need_a_sub_to_ask_which_ai_could_be_a_more_help/npvo7un/,1,0,,reddit
Has anyone experimented with AI tools for generating industrial drawings? Looking for insights and practical experiences,adrian21-2,CADAI,https://www.reddit.com/r/CADAI/comments/1osdadc/has_anyone_experimented_with_ai_tools_for/,1,0,,reddit
Anyone here using AI to boost mechanical design productivity? Looking for real experiences,n_5h,CADAI,https://www.reddit.com/r/CADAI/comments/1p6dszt/anyone_here_using_ai_to_boost_mechanical_design/,1,0,,reddit
,Fickle-Series-8985,,https://www.reddit.com/r/CADAI/comments/1p6dszt/anyone_here_using_ai_to_boost_mechanical_design/nqryl2w/,1,0,,reddit
Claude Code is a Beast â€“ Tips from 6 Months of Hardcore Use,JokeGold5455,ClaudeAI,https://www.reddit.com/r/ClaudeAI/comments/1oivjvm/claude_code_is_a_beast_tips_from_6_months_of/,2054,0,,reddit
,ClaudeAI-mod-bot,,https://www.reddit.com/r/ClaudeAI/comments/1oivjvm/claude_code_is_a_beast_tips_from_6_months_of/nlygsgb/,1,0,,reddit
"Weekly Tool Thread: Promote, Share, Discover, and Ask for AI Writing Tools Week of: November 11",AutoModerator,WritingWithAI,https://www.reddit.com/r/WritingWithAI/comments/1ou1tfz/weekly_tool_thread_promote_share_discover_and_ask/,5,0,,reddit
,drop_carrier,,https://www.reddit.com/r/WritingWithAI/comments/1ou1tfz/weekly_tool_thread_promote_share_discover_and_ask/no99hwc/,8,0,,reddit
Anyone integrating AI into their mechanical design workflow? Looking for real-world experiences & pitfalls,Amanda_nn,CADAI,https://www.reddit.com/r/CADAI/comments/1ozc1hu/anyone_integrating_ai_into_their_mechanical/,1,0,,reddit
,emma345-,,https://www.reddit.com/r/CADAI/comments/1ozc1hu/anyone_integrating_ai_into_their_mechanical/npqz3vi/,1,0,,reddit
